<?xml version="1.0" encoding="UTF-8" standalone="no"?>
<manifest   identifier="CEPA_SCORM2004" version="1.0"
			xmlns="http://www.imsglobal.org/xsd/imscp_v1p1"
			xmlns:adlcp="http://www.adlnet.org/xsd/adlcp_v1p3"
			xmlns:adlseq="http://www.adlnet.org/xsd/adlseq_v1p3"
			xmlns:adlnav="http://www.adlnet.org/xsd/adlnav_v1p3"
			xmlns:imsss="http://www.imsglobal.org/xsd/imsss"
			xmlns:xsi="http://www.w3.org/2001/XMLSchema-instance"
			xsi:schemaLocation="http://www.imsglobal.org/xsd/imscp_v1p1 imscp_v1p1.xsd
			http://www.imsglobal.org/xsd/imsss imsss_v1p0.xsd
			http://www.adlnet.org/xsd/adlcp_v1p3 adlcp_v1p3.xsd
			http://www.adlnet.org/xsd/adlseq_v1p3 adlseq_v1p3.xsd
			http://www.adlnet.org/xsd/adlnav_v1p3 adlnav_v1p3.xsd" >
<metadata>
	<schema>ADL SCORM</schema>
	<schemaversion>2004 3rd Edition</schemaversion>
</metadata>
<organizations default="CEPA">
	<organization identifier="CEPA">
		<title>O pêndulo simples e o Movimento Harmônico Simples</title>
		<item identifier="AI0088_item1" identifierref="AI0088_item1_resource">
			<title>Questionário</title>
		</item>
		<imsss:sequencing>
			<imsss:controlMode choiceExit="true" flow="true"/>
			<imsss:deliveryControls completionSetByContent="true" objectiveSetByContent="true"/>
		</imsss:sequencing>
	</organization>
</organizations>
<resources>
	<resource identifier="AI0088_item1_resource" adlcp:scormType="sco" href="index.html" type="webcontent">
		<file href="./index.html"/>
		<file href="./swf/AI_Loader.swf"/>
		<file href="./swf/AI-0088.swf"/>
		<file href="./swf/expressInstall.swf"/>
		<file href="./images/pendulo_baixo.png"/>
		<file href="./images/pendulo_alto.png"/>
		<file href="./js/SCORM_API_wrapper.js"/>
		<file href="./js/swfobject.js"/>
		<file href="./js/scorm-config.js"/>
		<file href="./js/jquery-1.4.2.min.js"/>
		<file href="./js/jquery-ui-1.8.6.custom.min.js"/>
    <file href="./css/style.css"/>
    <file href="./css/smoothness/jquery-ui-1.8.19.custom.css"/>
    <file href="./css/smoothness/images/ui-bg_flat_0_aaaaaa_40x100.png"/>
    <file href="./css/smoothness/images/ui-bg_flat_75_ffffff_40x100.png"/>
    <file href="./css/smoothness/images/ui-bg_glass_55_fbf9ee_1x400.png"/>
    <file href="./css/smoothness/images/ui-bg_glass_65_ffffff_1x400.png"/>
    <file href="./css/smoothness/images/ui-bg_glass_75_dadada_1x400.png"/>
    <file href="./css/smoothness/images/ui-bg_glass_75_e6e6e6_1x400.png"/>
    <file href="./css/smoothness/images/ui-bg_glass_95_fef1ec_1x400.png"/>
    <file href="./css/smoothness/images/ui-bg_highlight-soft_75_cccccc_1x100.png"/>
    <file href="./css/smoothness/images/ui-icons_2e83ff_256x240.png"/>
    <file href="./css/smoothness/images/ui-icons_222222_256x240.png"/>
    <file href="./css/smoothness/images/ui-icons_454545_256x240.png"/>
    <file href="./css/smoothness/images/ui-icons_888888_256x240.png"/>
    <file href="./css/smoothness/images/ui-icons_cd0a0a_256x240.png"/>
	</resource>
</resources>
</manifest>